DATE,SECONDARY_VAL
2020-01-01,23.022313483374308
2020-01-02,20.334230484138295
2020-01-03,44.9718202726895
2020-01-04,27.077122129234468
2020-01-05,44.50871294666948
2020-01-06,39.698255073131705
2020-01-07,13.68472032773148
2020-01-08,42.544157476417965
2020-01-09,31.595241730573616
2020-01-10,37.10400561972395
2020-01-11,18.76017865320003
2020-01-12,10.010823017559192
2020-01-13,23.347523728453975
2020-01-14,17.62509353259111
2020-01-15,27.408660582612
2020-01-16,13.635912441987742
2020-01-17,45.80185202992255
2020-01-18,14.7489548643299
2020-01-19,40.56739722238698
2020-01-20,47.57298126668856
2020-01-21,15.929138655909409
2020-01-22,23.85907174361357
2020-01-23,39.24249952387089
2020-01-24,38.57848312177581
2020-01-25,11.495802010983137
2020-01-26,12.827762193950484
2020-01-27,14.805585293071841
2020-01-28,32.720874624193726
2020-01-29,12.201724339261357
2020-01-30,33.53639791698164
2020-01-31,23.698479348381657
2020-02-01,36.776417335590146
2020-02-02,41.2816933434154
2020-02-03,41.65597295656414
2020-02-04,11.505392968845495
2020-02-05,47.88781308373793
2020-02-06,33.46585147147471
2020-02-07,45.82796381879207
2020-02-08,34.60580725637702
2020-02-09,29.36468111386653
2020-02-10,39.18914463368877
2020-02-11,18.77685051782087
2020-02-12,14.12904892065956
2020-02-13,13.619928787796361
2020-02-14,43.965442738172904
2020-02-15,46.497791677946445
2020-02-16,42.57655995770923
2020-02-17,46.177345234822766
2020-02-18,49.39103028844461
2020-02-19,31.042355195596308
2020-02-20,16.155222788956387
2020-02-21,34.31706075757768
2020-02-22,24.15573078586649
2020-02-23,23.85794385740191
2020-02-24,39.112324434645515
2020-02-25,13.62602752381755
2020-02-26,11.501260381548356
2020-02-27,37.810978714072114
2020-02-28,20.429191419307543
2020-02-29,25.42004780692922
2020-03-01,22.305319397785045
2020-03-02,34.59364833639145
2020-03-03,16.18062156476529
2020-03-04,38.82352217885008
2020-03-05,46.99707826472579
2020-03-06,43.444347523573754
2020-03-07,46.281478776733536
2020-03-08,47.48283427488036
2020-03-09,24.89336729452078
2020-03-10,41.82960723494081
2020-03-11,29.793024595382512
2020-03-12,20.790926793715997
2020-03-13,39.875280965900856
2020-03-14,19.765143074826756
2020-03-15,14.38482154472792
2020-03-16,38.18478235020181
2020-03-17,21.50220054380718
2020-03-18,22.236750962768618
2020-03-19,45.24491333539691
2020-03-20,15.421569015116043
2020-03-21,40.59384071444988
2020-03-22,25.44850161538786
2020-03-23,45.72041403761544
2020-03-24,27.61376803509508
2020-03-25,26.360915634827688
2020-03-26,27.194644454917555
2020-03-27,43.507618238547984
2020-03-28,10.420408217441155
2020-03-29,38.19452079255882
2020-03-30,18.209612558872628
2020-03-31,45.28502068533541
2020-04-01,25.037066165374256
2020-04-02,23.558223107881187
2020-04-03,38.504975288080104
2020-04-04,38.897960613651
2020-04-05,35.34843930322421
2020-04-06,23.192329105439242
2020-04-07,34.41412206988659
2020-04-08,12.170636888317512
2020-04-09,48.20719237383207
2020-04-10,28.108472477597545
2020-04-11,22.179110072487383
2020-04-12,44.43115936957532
2020-04-13,22.96687944850462
2020-04-14,49.886936902624356
2020-04-15,37.62398191130518
2020-04-16,35.983121437222096
2020-04-17,16.074262402442727
2020-04-18,34.39450808058034
2020-04-19,16.204997364441624
2020-04-20,41.344166263554456
2020-04-21,15.536095861389803
2020-04-22,24.353308257345894
2020-04-23,29.069311367136027
2020-04-24,42.207742543704214
2020-04-25,35.3104079673293
2020-04-26,39.91869442564156
2020-04-27,19.758964418327647
2020-04-28,19.490537937221877
2020-04-29,25.224797432582623
2020-04-30,10.747234764664979
2020-05-01,43.22816535290769
2020-05-02,24.798746145585
2020-05-03,12.702145504266396
2020-05-04,44.8886186080602
2020-05-05,48.71305610766431
2020-05-06,35.86338151466184
2020-05-07,24.263531025851623
2020-05-08,26.550279462601786
2020-05-09,20.246226539402837
2020-05-10,38.45101403159359
2020-05-11,24.242883028083728
2020-05-12,11.299351733099584
2020-05-13,11.846487243169506
2020-05-14,34.589982554262235
2020-05-15,21.615360291306306
2020-05-16,16.743665531744185
2020-05-17,32.094602000448006
2020-05-18,21.137459771487496
2020-05-19,12.933411780838831
2020-05-20,17.743295619676537
2020-05-21,41.11626879521848
2020-05-22,44.080458679929556
2020-05-23,44.88590515677861
2020-05-24,31.393315034007088
2020-05-25,48.038045282636
2020-05-26,16.06675287715165
2020-05-27,37.13424631079126
2020-05-28,38.17046308270129
2020-05-29,12.127416127880469
2020-05-30,21.297905653283223
2020-05-31,47.96192542085678
2020-06-01,40.36115621666109
2020-06-02,12.187757188717168
2020-06-03,31.631753227921088
2020-06-04,35.94488727103965
2020-06-05,48.92333580330094
2020-06-06,38.657365202700845
2020-06-07,35.54615818882511
2020-06-08,46.34109858210484
2020-06-09,36.437490710564184
2020-06-10,47.284882429650196
2020-06-11,29.711046382660392
2020-06-12,38.74260123395982
2020-06-13,35.270186332105446
2020-06-14,32.10104093864537
2020-06-15,22.963783514984005
2020-06-16,46.15113716824857
2020-06-17,20.80178609155482
2020-06-18,16.375577237553376
2020-06-19,38.482004449801835
2020-06-20,31.86211355873265
2020-06-21,20.514426565620788
2020-06-22,44.81230624814495
2020-06-23,21.448282910439413
2020-06-24,12.551282960886358
2020-06-25,10.614668684732687
2020-06-26,46.914200537875445
2020-06-27,26.087124003109167
2020-06-28,18.539556263648507
2020-06-29,32.684056577229065
2020-06-30,29.515426590378603
2020-07-01,49.993706132761076
2020-07-02,45.54019901728465
2020-07-03,20.844091962841176
2020-07-04,37.90837909222599
2020-07-05,25.486988028701756
2020-07-06,24.577506515187665
2020-07-07,24.68429315289454
2020-07-08,35.5702068326716
2020-07-09,31.519354787394192
2020-07-10,40.20199688359352
2020-07-11,16.11943384948657
2020-07-12,27.01708185811229
2020-07-13,44.412922223841534
2020-07-14,10.12657557879351
2020-07-15,34.939689952771644
2020-07-16,41.429480854534766
2020-07-17,25.354178876561747
2020-07-18,45.34463953379926
2020-07-19,39.42766811517458
2020-07-20,34.241927647075954
2020-07-21,17.93289912989467
2020-07-22,36.804157678542275
2020-07-23,43.35067470048253
2020-07-24,39.19636177840616
2020-07-25,32.99427451510681
2020-07-26,38.58307354998961
2020-07-27,49.07554292528515
2020-07-28,10.43217364082112
2020-07-29,36.55714474310108
2020-07-30,41.719703228442896
2020-07-31,35.555661026416864
2020-08-01,20.92368385022422
2020-08-02,42.91029586220101
2020-08-03,46.53196457823009
2020-08-04,37.340189270926885
2020-08-05,30.44096820288026
2020-08-06,24.65283511438529
2020-08-07,23.20227031826601
2020-08-08,38.92910581897763
2020-08-09,34.284935688877574
2020-08-10,16.27402293288032
2020-08-11,15.643865822331563
2020-08-12,12.843968146748782
2020-08-13,37.34047676062279
2020-08-14,22.574574840401937
2020-08-15,10.809698758803492
2020-08-16,23.507709428368
2020-08-17,43.284666079341655
2020-08-18,19.906501207628136
2020-08-19,35.34197578642736
2020-08-20,27.58684731765291
2020-08-21,31.955835474562928
2020-08-22,33.83090830652189
2020-08-23,28.192439231844403
2020-08-24,12.314233676287332
2020-08-25,32.70781667718808
2020-08-26,25.90099249510018
2020-08-27,17.995196219415583
2020-08-28,45.860328180757534
2020-08-29,39.44268754184756
2020-08-30,21.36272989489669
2020-08-31,31.55828703721823
2020-09-01,48.52452682903873
2020-09-02,19.81846287697862
2020-09-03,47.895379183577525
2020-09-04,37.33445380612247
2020-09-05,31.633465878030258
2020-09-06,49.328307700728786
2020-09-07,23.348354457097393
2020-09-08,21.12924749746481
2020-09-09,23.583731002342248
2020-09-10,40.03433607607501
2020-09-11,23.480261896755408
2020-09-12,14.11049426135596
2020-09-13,35.77248385793709
2020-09-14,18.91934400931101
2020-09-15,10.166522813064237
2020-09-16,17.966297469355737
2020-09-17,42.76581715774729
2020-09-18,47.60992422327686
2020-09-19,36.47811189375472
2020-09-20,22.419591360963388
2020-09-21,27.459893876127026
2020-09-22,17.78194963763491
2020-09-23,45.23111693537786
2020-09-24,36.62326251161559
2020-09-25,13.376503895094562
2020-09-26,24.677347345450723
2020-09-27,31.520903871789052
2020-09-28,41.893203240019055
2020-09-29,46.820184031843695
2020-09-30,15.306936931677381
2020-10-01,43.38222240764546
2020-10-02,12.631351074496786
2020-10-03,19.61961883346314
2020-10-04,10.840491683423913
2020-10-05,12.553135371264732
2020-10-06,11.296807394478513
2020-10-07,15.840314397967177
2020-10-08,45.061123011855095
2020-10-09,21.353063493851444
2020-10-10,29.188613780226312
2020-10-11,29.48465472872681
2020-10-12,49.810517342842935
2020-10-13,24.58691642899087
2020-10-14,20.6039731306723
2020-10-15,48.529787993289474
2020-10-16,33.70102588389359
2020-10-17,21.579257557481707
2020-10-18,21.499437464918753
2020-10-19,13.454508332433015
2020-10-20,32.274745511707266
2020-10-21,38.94751540210716
2020-10-22,28.988551916929197
2020-10-23,45.3774753490812
2020-10-24,29.3585913552686
2020-10-25,23.854333515212673
2020-10-26,20.03131399006385
2020-10-27,19.73173305410704
2020-10-28,22.660558686901314
2020-10-29,49.678995995213306
2020-10-30,24.43306102177862
2020-10-31,30.98399581512918
2020-11-01,20.987005281471866
2020-11-02,15.741434573841012
2020-11-03,35.83333760636414
2020-11-04,31.80880164621982
2020-11-05,12.713055499895702
2020-11-06,45.31147635944336
2020-11-07,30.308396463968613
2020-11-08,23.412791309513157
2020-11-09,41.174361918618914
2020-11-10,14.483608569225762
2020-11-11,28.951207234922784
2020-11-12,31.950899563736122
2020-11-13,41.004999531328565
2020-11-14,24.80978496263415
2020-11-15,44.19855948842216
2020-11-16,37.90691639790081
2020-11-17,40.843014437089096
2020-11-18,48.76310571165364
2020-11-19,43.790143463358675
2020-11-20,23.871534730838093
2020-11-21,35.83244241465185
2020-11-22,44.74446367352517
2020-11-23,31.00486336290022
2020-11-24,37.31199400486671
2020-11-25,16.890447118005785
2020-11-26,42.6365710680446
2020-11-27,40.298425252073535
2020-11-28,45.5557548866451
2020-11-29,38.40595007542331
2020-11-30,45.07602375929441
2020-12-01,16.488643869743612
2020-12-02,42.54589432902802
2020-12-03,48.11869031548419
2020-12-04,42.62031015304201
2020-12-05,34.609117269987756
2020-12-06,47.06000415569087
2020-12-07,13.779453063918972
2020-12-08,10.674583895901456
2020-12-09,48.612808609703784
2020-12-10,37.32020772334052
2020-12-11,14.5666583079593
2020-12-12,23.60049134136238
2020-12-13,39.95208334602222
2020-12-14,40.015502622404654
2020-12-15,16.799661683374786
2020-12-16,28.805906656660905
2020-12-17,42.29244387759415
2020-12-18,48.67189058410045
2020-12-19,34.90262351575932
2020-12-20,35.52533390718462
2020-12-21,28.77397193101138
2020-12-22,31.562319782399317
2020-12-23,13.957343224389454
2020-12-24,23.983523498606466
2020-12-25,30.29174804064557
2020-12-26,20.999249273655217
2020-12-27,24.39316125545323
2020-12-28,48.847865819019745
2020-12-29,10.208097956346961
2020-12-30,22.10573759062903
2020-12-31,33.35816064081878
2021-01-01,21.158675351697383
2021-01-02,37.05855419158589
2021-01-03,21.97100321703065
2021-01-04,35.52830812456409
2021-01-05,43.9945038560217
2021-01-06,36.345757650677626
2021-01-07,11.995381704654214
2021-01-08,41.80853478459446
2021-01-09,18.512054907470855
2021-01-10,35.39166657935024
2021-01-11,35.8693472834437
2021-01-12,42.149484169904575
2021-01-13,30.232924816298194
2021-01-14,25.03853497960735
2021-01-15,30.721128870894287
2021-01-16,31.830277286134738
2021-01-17,42.861525763442714
2021-01-18,18.20284044617815
2021-01-19,43.873284600156374
2021-01-20,24.628304444368926
2021-01-21,39.75449248109578
2021-01-22,23.428503392514294
2021-01-23,38.35541396245128
2021-01-24,41.967172815714534
2021-01-25,32.32261878471265
2021-01-26,34.781784918857
2021-01-27,38.31042283527786
2021-01-28,37.53709446411802
2021-01-29,39.096622012581335
2021-01-30,43.98701359089302
2021-01-31,18.82065672802637
2021-02-01,18.589260332432985
2021-02-02,48.82729664354557
2021-02-03,44.05282624337749
2021-02-04,33.6682054142928
2021-02-05,10.327151863715113
2021-02-06,44.190329243717684
2021-02-07,40.063862813748784
2021-02-08,48.25504731583883
2021-02-09,10.52647297346347
2021-02-10,11.141029713446633
2021-02-11,30.69802039713856
2021-02-12,44.24196837154457
2021-02-13,49.65265509970446
2021-02-14,22.80100915398347
2021-02-15,11.454547435500446
2021-02-16,17.82032092224827
2021-02-17,45.080414773088314
2021-02-18,28.658015147276288
2021-02-19,44.132278249765335
2021-02-20,27.756331661194274
2021-02-21,12.13559252617205
2021-02-22,34.703009209773526
2021-02-23,27.427219845414484
2021-02-24,29.65412794472244
2021-02-25,47.95882975810281
2021-02-26,28.282999543825376
2021-02-27,41.86109889690269
2021-02-28,12.356502480620005
2021-03-01,29.161558066497058
2021-03-02,33.467793370031
2021-03-03,14.529243694170834
2021-03-04,22.08933277737072
2021-03-05,39.58374601146504
2021-03-06,17.356266188945824
2021-03-07,15.138054896688073
2021-03-08,21.97102041174288
2021-03-09,44.358467232054615
2021-03-10,40.51773998738561
2021-03-11,41.07206311243971
2021-03-12,22.89830090290789
2021-03-13,13.957562555432673
2021-03-14,11.278109913890692
2021-03-15,33.44793696570191
2021-03-16,38.09142360876198
2021-03-17,25.11564553278609
2021-03-18,31.154470710109656
2021-03-19,21.160154830349462
2021-03-20,24.572088718825377
2021-03-21,39.19264545431007
2021-03-22,38.72880882512792
2021-03-23,11.12366824257952
2021-03-24,47.769262625234205
2021-03-25,20.760476655718023
2021-03-26,46.30346001096036
2021-03-27,30.475873368599387
2021-03-28,29.96728064311455
2021-03-29,28.02452654584933
2021-03-30,46.89709560527828
2021-03-31,18.32431937653142
2021-04-01,34.46580688537767
2021-04-02,22.711264296990418
2021-04-03,46.609544785038764
2021-04-04,16.773621738310123
2021-04-05,37.047590897010316
2021-04-06,26.870337563067494
2021-04-07,36.44891462844289
2021-04-08,16.304300686183495
2021-04-09,25.74636343478119
2021-04-10,14.290500659532356
2021-04-11,48.75107929169542
2021-04-12,18.559696166928145
2021-04-13,49.729045049330836
2021-04-14,26.739926306266035
2021-04-15,12.86196507508803
2021-04-16,10.703007302516845
2021-04-17,33.95825488040877
2021-04-18,34.589186252474875
2021-04-19,30.99172656787878
2021-04-20,12.655967008141662
2021-04-21,23.26017474696779
2021-04-22,24.362832253610392
2021-04-23,38.19266930903214
2021-04-24,26.754189007989627
2021-04-25,32.91868440733808
2021-04-26,21.453213673741644
2021-04-27,39.039269419252555
2021-04-28,11.870636595950593
2021-04-29,49.54017027444502
2021-04-30,35.65970350518825
2021-05-01,15.954447046749504
2021-05-02,38.699632682398544
2021-05-03,41.46228667185629
2021-05-04,41.54383976203728
2021-05-05,20.82928636044578
2021-05-06,48.34550855153588
2021-05-07,10.709515231202413
2021-05-08,25.193577882809784
2021-05-09,14.168726806899134
2021-05-10,25.394376242660428
2021-05-11,12.28899988537143
2021-05-12,35.79918917842661
2021-05-13,12.498446273417105
2021-05-14,34.6338716924224
2021-05-15,19.363370356153094
2021-05-16,17.16591502369883
2021-05-17,23.880034557019112
2021-05-18,35.63844115484612
2021-05-19,33.12801953292713
2021-05-20,37.21886382653237
2021-05-21,46.75923919564309
2021-05-22,18.13212714052404
2021-05-23,26.534284512368345
2021-05-24,20.632824656170502
2021-05-25,33.45391978326086
2021-05-26,21.33603174728289
2021-05-27,32.32066808781685
2021-05-28,42.92655207641849
2021-05-29,32.0378182972575
2021-05-30,43.52516541511614
2021-05-31,34.45400813167705
2021-06-01,44.81199339200298
2021-06-02,47.21668354119646
2021-06-03,30.312514783386494
2021-06-04,41.62584010283213
2021-06-05,28.752617812865036
2021-06-06,38.207751127703204
2021-06-07,11.50031464675861
2021-06-08,48.676497979234085
2021-06-09,45.77333841767568
2021-06-10,45.73149451418527
2021-06-11,21.250051535098272
2021-06-12,21.32668976395536
2021-06-13,26.10403020819031
2021-06-14,45.20758171226861
2021-06-15,44.345565465672735
2021-06-16,21.57839885572672
2021-06-17,31.67104675657047
2021-06-18,29.006805867181995
2021-06-19,36.02700740262593
2021-06-20,18.555996387242693
2021-06-21,13.402025285473469
2021-06-22,11.090204895892137
2021-06-23,25.256692585085872
2021-06-24,47.86447307520056
2021-06-25,37.39257241279707
2021-06-26,39.96520683020534
2021-06-27,47.80654506238793
2021-06-28,26.88206142436087
2021-06-29,28.97471706664654
2021-06-30,24.381643971252686
2021-07-01,17.25490649380528
2021-07-02,40.65575776450134
2021-07-03,46.26743171724067
2021-07-04,42.55502269537254
2021-07-05,11.908806446481535
2021-07-06,21.965789742916147
2021-07-07,33.683423353307596
2021-07-08,23.08740367313859
2021-07-09,16.004755256959132
2021-07-10,31.534523898307025
2021-07-11,30.859686904713474
2021-07-12,38.39577196876225
2021-07-13,49.994688020115
2021-07-14,35.92953728188972
2021-07-15,22.675422115135426
2021-07-16,48.25524628929329
2021-07-17,32.85201904639739
2021-07-18,35.829444517063365
2021-07-19,24.302439087353868
2021-07-20,28.073455327152487
2021-07-21,26.74523776193282
2021-07-22,47.448630623417415
2021-07-23,42.38360536931611
2021-07-24,13.628162584076016
2021-07-25,22.554654781557918
2021-07-26,12.227541608610132
2021-07-27,30.670374112470455
2021-07-28,21.176971629206687
2021-07-29,12.936007758732098
2021-07-30,40.880364014888286
2021-07-31,13.645128949751246
2021-08-01,20.862553999432034
2021-08-02,40.86548914436398
2021-08-03,30.46287595881621
2021-08-04,42.68463462734749
2021-08-05,26.57925034636618
2021-08-06,42.594488586268106
2021-08-07,31.526547900987776
2021-08-08,13.5181542999957
2021-08-09,28.859619838201773
2021-08-10,32.141744779391864
2021-08-11,34.48406709321205
2021-08-12,47.115331394734305
2021-08-13,17.342290221382946
2021-08-14,34.24111957939825
2021-08-15,40.08089716330753
2021-08-16,45.59819955349631
2021-08-17,31.01224371677633
2021-08-18,18.558021270199234
2021-08-19,42.70728535314066
2021-08-20,46.20191518857279
2021-08-21,14.254724202327305
2021-08-22,19.188673453345366
2021-08-23,44.858530460647444
2021-08-24,29.37662264513811
2021-08-25,16.764017092034706
2021-08-26,35.81178387211652
2021-08-27,28.33155699830008
2021-08-28,48.718375777493236
2021-08-29,18.908566306914643
2021-08-30,24.48647474171668
2021-08-31,16.646048317692895
2021-09-01,11.989301647290954
2021-09-02,20.95613306306959
2021-09-03,42.79311761617899
2021-09-04,20.689318740561365
2021-09-05,37.853722478394715
2021-09-06,31.04093810197122
2021-09-07,30.788400686846337
2021-09-08,41.261730298406455
2021-09-09,34.71071458040052
2021-09-10,16.39422915384225
2021-09-11,18.83057052252915
2021-09-12,31.75138708824106
2021-09-13,43.812586008083514
2021-09-14,16.092770500805713
2021-09-15,14.27581294386767
2021-09-16,30.70154064294986
2021-09-17,17.546037297724148
2021-09-18,49.7694264522661
2021-09-19,10.174331647916222
2021-09-20,27.95452921319251
2021-09-21,16.501658189659082
2021-09-22,37.24315429018936
2021-09-23,35.205380697392904
2021-09-24,42.28271353060501
2021-09-25,32.53611996112038
2021-09-26,17.574742448642276
2021-09-27,12.132589186291455
2021-09-28,38.885870962057226
2021-09-29,27.59687451474899
2021-09-30,18.88851333752247
2021-10-01,20.072871986940143
2021-10-02,15.961070495477077
2021-10-03,21.34321337563243
2021-10-04,41.68085571370114
2021-10-05,34.82640259940261
2021-10-06,49.49593238667961
2021-10-07,30.971249405381045
2021-10-08,30.85958585788231
2021-10-09,17.655442453214008
2021-10-10,33.45822114133139
2021-10-11,34.33470652473791
2021-10-12,18.261242561752276
2021-10-13,13.518642969051008
2021-10-14,24.750851702146555
2021-10-15,16.884138307195204
2021-10-16,30.128183419340925
2021-10-17,31.04439305627471
2021-10-18,34.3262346862219
2021-10-19,34.113239879152445
2021-10-20,36.995125197362384
2021-10-21,19.218195493282686
2021-10-22,39.23372126631452
2021-10-23,30.992933522558648
2021-10-24,27.492238430695842
2021-10-25,35.91581688674218
2021-10-26,30.050427596296
2021-10-27,31.026721212827418
2021-10-28,10.929912309140889
2021-10-29,42.08147325500946
2021-10-30,26.967034555855193
2021-10-31,30.723059653726622
2021-11-01,25.59642115139885
2021-11-02,32.061218980297355
2021-11-03,12.161695447874
2021-11-04,25.356362455989434
2021-11-05,36.74711168504106
2021-11-06,47.53784415269899
2021-11-07,43.967209688331394
2021-11-08,48.51272122370921
2021-11-09,41.2605860406887
2021-11-10,35.304690912952026
2021-11-11,26.930897696085946
2021-11-12,14.925695742792872
2021-11-13,20.032085481227817
2021-11-14,20.847001856281487
2021-11-15,27.115320759344286
2021-11-16,34.39363884650946
2021-11-17,34.74647384598678
2021-11-18,28.221705497584267
2021-11-19,20.985750360238175
2021-11-20,12.259776474225
2021-11-21,49.553455411213015
2021-11-22,47.58239592488063
2021-11-23,17.31703837045284
2021-11-24,34.21583463971899
2021-11-25,21.826173615754
2021-11-26,17.777134530487494
2021-11-27,37.376453015270386
2021-11-28,41.447710162667875
2021-11-29,26.263717932861994
2021-11-30,12.362547448197763
2021-12-01,26.059832879363828
2021-12-02,31.28775866627029
2021-12-03,45.72866081642064
2021-12-04,36.272106019289154
2021-12-05,38.419857482881376
2021-12-06,18.105251375491086
2021-12-07,38.810864974392445
2021-12-08,30.072994279712436
2021-12-09,42.816462109411326
2021-12-10,18.654778324308058
2021-12-11,30.59449598593855
2021-12-12,18.37908400305096
2021-12-13,21.436657985504905
2021-12-14,43.28816337601921
2021-12-15,37.511772721486665
2021-12-16,39.13952167063421
2021-12-17,12.74149351862214
2021-12-18,39.15026235129336
2021-12-19,29.65628382473552
2021-12-20,28.365751711681636
2021-12-21,26.505077135045934
2021-12-22,44.07179516501218
2021-12-23,17.098557561151168
2021-12-24,42.564587913306234
2021-12-25,47.13295398865281
2021-12-26,16.729552933367806
2021-12-27,49.98383994600403
2021-12-28,49.62136968535127
2021-12-29,34.852757165087326
2021-12-30,20.741396096956983
2021-12-31,27.185003377732095
2022-01-01,16.815329809584362
2022-01-02,14.808087676853399
2022-01-03,38.161185399980184
2022-01-04,33.19384101625698
2022-01-05,32.54295605848471
2022-01-06,19.91043504309436
2022-01-07,19.39624979225506
2022-01-08,49.589369836087286
2022-01-09,35.15095245795879
2022-01-10,42.77822251774982
2022-01-11,25.14047686980969
2022-01-12,43.74724375424882
2022-01-13,38.895229852248875
2022-01-14,24.004976780068397
2022-01-15,38.70777792878198
2022-01-16,47.02490910429347
2022-01-17,18.549259535028327
2022-01-18,31.905304463139007
2022-01-19,48.66601548661356
2022-01-20,42.855917600695584
2022-01-21,34.811647266978575
2022-01-22,12.790617503290918
2022-01-23,26.252927882780916
2022-01-24,36.03061871627561
2022-01-25,26.386474191529743
2022-01-26,49.88335203504404
2022-01-27,40.1357120013182
2022-01-28,17.48327275143123
2022-01-29,29.615453979285405
2022-01-30,25.358888248717967
2022-01-31,33.75372719456681
2022-02-01,27.86258064590919
2022-02-02,19.516028632804236
2022-02-03,38.97485061298709
2022-02-04,14.266440562236218
2022-02-05,31.285359602084405
2022-02-06,22.406399297941192
2022-02-07,48.66124140120954
2022-02-08,22.14245420848654
2022-02-09,23.637661779130603
2022-02-10,38.28348682757449
2022-02-11,15.139009692511012
2022-02-12,22.985003969109435
2022-02-13,37.836592953549555
2022-02-14,11.230149624810863
2022-02-15,22.440025162574535
2022-02-16,10.330226654853778
2022-02-17,16.009167900136173
2022-02-18,34.16789576260058
2022-02-19,28.26859442280481
2022-02-20,16.24103657970941
2022-02-21,13.12101752702262
2022-02-22,12.25297874909128
2022-02-23,13.41432633190812
2022-02-24,13.843071757163017
2022-02-25,13.452507383284242
2022-02-26,12.203208844124216
2022-02-27,37.88122903054061
2022-02-28,47.65066831706435
2022-03-01,44.23915539473346
2022-03-02,20.63414256481635
2022-03-03,18.171177886665095
2022-03-04,11.91648208803441
2022-03-05,16.241347201319428
2022-03-06,32.7108517130359
2022-03-07,49.92499407192967
2022-03-08,44.361376274933775
2022-03-09,30.59686121381894
2022-03-10,26.938195355455225
2022-03-11,15.913035360551584
2022-03-12,26.743649365605485
2022-03-13,33.79432732611848
2022-03-14,33.81898032460519
2022-03-15,32.30185932434181
2022-03-16,42.96075346162511
2022-03-17,30.403354944752756
2022-03-18,28.913983052496256
2022-03-19,22.230956213329204
2022-03-20,17.2096692988059
2022-03-21,10.056157861182982
2022-03-22,22.88393180898348
2022-03-23,35.32323061686832
2022-03-24,32.355900383714136
2022-03-25,31.220662519940298
2022-03-26,40.89507085981138
2022-03-27,19.313871256549916
2022-03-28,37.14152019438238
2022-03-29,34.28659399881445
2022-03-30,23.55965712496881
2022-03-31,18.74174411168044
2022-04-01,32.50759478215386
2022-04-02,47.80592277917882
2022-04-03,13.054033685378696
2022-04-04,48.119393571782005
2022-04-05,28.590325755512612
2022-04-06,38.40174003582764
2022-04-07,42.12818668139668
2022-04-08,16.06059188140714
2022-04-09,11.798322432582907
2022-04-10,15.13966906132362
2022-04-11,23.638115571616094
2022-04-12,48.26216918414957
2022-04-13,11.71101751661498
2022-04-14,46.791923984990106
2022-04-15,32.451787658484875
2022-04-16,14.093638459938722
2022-04-17,16.109939646773256
2022-04-18,37.57324687262469
2022-04-19,34.338138408417166
2022-04-20,16.69825877904218
2022-04-21,46.17324352028384
2022-04-22,15.316157330309071
2022-04-23,30.462943442158426
2022-04-24,31.131773710060276
2022-04-25,44.8200942642466
2022-04-26,10.88600863951613
2022-04-27,15.458068036315552
2022-04-28,16.827147202174952
2022-04-29,12.515255900992162
2022-04-30,35.25933136363818
2022-05-01,19.18399442812592
2022-05-02,33.0667933824149
2022-05-03,41.30448814369731
2022-05-04,26.34113973157072
2022-05-05,40.75401097320319
2022-05-06,41.11474202574493
2022-05-07,20.536922629626307
2022-05-08,10.629783896122596
2022-05-09,14.131274128253292
2022-05-10,42.94094960683172
2022-05-11,26.212292600564954
2022-05-12,43.5638406447388
2022-05-13,31.900572813872312
2022-05-14,17.89581550886841
2022-05-15,38.48949028376013
2022-05-16,32.3274537053035
2022-05-17,24.072208485885824
2022-05-18,13.508679817981214
2022-05-19,14.091934246257614
2022-05-20,17.54046456585515
2022-05-21,36.917244770303974
2022-05-22,39.118856884646576
2022-05-23,35.236634110609515
2022-05-24,23.49073550800781
2022-05-25,27.618801726211153
2022-05-26,38.38239111785735
2022-05-27,36.39420280147776
2022-05-28,40.920541236509
2022-05-29,19.645502164065057
2022-05-30,10.179555651981968
2022-05-31,20.657684031955906
2022-06-01,23.915658574944665
2022-06-02,48.420538571687516
2022-06-03,18.709290932354094
2022-06-04,43.05617402939238
2022-06-05,34.900461159325275
2022-06-06,16.70146591597827
2022-06-07,26.14019242694512
2022-06-08,30.406346290087782
2022-06-09,23.766006546049255
2022-06-10,19.04600472324354
2022-06-11,20.11403758701483
2022-06-12,33.40823061342462
2022-06-13,37.52424210376207
2022-06-14,28.758850345897287
2022-06-15,47.66943346985538
2022-06-16,39.14265704667486
2022-06-17,45.6703186360685
2022-06-18,29.02654185153351
2022-06-19,10.595317118232321
2022-06-20,33.68282118428732
2022-06-21,42.7303751790142
2022-06-22,31.461402371592307
2022-06-23,32.71604192707085
2022-06-24,48.99883583326491
2022-06-25,24.645687374999778
2022-06-26,42.074912754862666
2022-06-27,30.202969579057832
2022-06-28,28.548440153137307
2022-06-29,15.823082524226194
2022-06-30,39.93580334324186
2022-07-01,42.93177688887815
2022-07-02,27.23509780307701
2022-07-03,40.54122373495615
2022-07-04,33.24483147199331
2022-07-05,20.302172585553436
2022-07-06,46.94862111551557
2022-07-07,37.870856547881004
2022-07-08,45.13338470714915
2022-07-09,21.258577025310885
2022-07-10,46.65452757386264
2022-07-11,24.586674448325866
2022-07-12,10.381275437131912
2022-07-13,13.001137518593527
2022-07-14,13.57353937597113
2022-07-15,18.285734728210873
2022-07-16,17.460879431293456
2022-07-17,12.315759761248799
2022-07-18,45.81569729331888
2022-07-19,43.13240334799849
2022-07-20,40.51292932067313
2022-07-21,29.165335844585194
2022-07-22,27.00592615289065
2022-07-23,27.01457941613352
2022-07-24,20.470696394647433
2022-07-25,34.33030454020938
2022-07-26,12.363186041868302
2022-07-27,36.351356435784176
2022-07-28,30.55429855412822
2022-07-29,42.66080881536464
2022-07-30,48.9096774732033
2022-07-31,45.064405514928445
2022-08-01,38.79696578997958
2022-08-02,27.311336505721172
2022-08-03,18.580970481598023
2022-08-04,36.59493268826658
2022-08-05,18.063964360247496
2022-08-06,10.810357997067769
2022-08-07,32.92931924785271
2022-08-08,25.765216470808603
2022-08-09,45.04074665477303
2022-08-10,35.83120244918558
2022-08-11,35.89000414248966
2022-08-12,41.51572190545352
2022-08-13,23.426080045471764
2022-08-14,48.32687806532761
2022-08-15,18.85285965858248
2022-08-16,44.867195873033616
2022-08-17,46.43364006616363
2022-08-18,11.561615074575467
2022-08-19,35.272884145145134
2022-08-20,39.9768335999963
2022-08-21,48.15321618501967
2022-08-22,20.055155965524
2022-08-23,32.47400701988566
2022-08-24,40.92469871090216
2022-08-25,15.934220777111241
2022-08-26,44.11928518225296
2022-08-27,26.14552125677037
2022-08-28,35.59003381867686
2022-08-29,11.681523958508864
2022-08-30,18.917445550029015
2022-08-31,29.12739967971183
2022-09-01,21.568381700676614
2022-09-02,48.313730115344164
2022-09-03,41.79730013866671
2022-09-04,44.59519680012654
2022-09-05,28.652716231459124
2022-09-06,28.945682707511402
2022-09-07,42.207560508606186
2022-09-08,25.50130963141661
2022-09-09,29.233972124462852
2022-09-10,31.143589285371036
2022-09-11,34.28630711529152
2022-09-12,35.998819657319956
2022-09-13,37.23006947039416
2022-09-14,27.7603704569629
2022-09-15,21.805874203299652
2022-09-16,46.80616555901795
2022-09-17,43.068867907531036
2022-09-18,10.137495726722744
2022-09-19,30.516936839720643
2022-09-20,20.98412183462608
2022-09-21,35.70915955720095
2022-09-22,30.105593414989723
2022-09-23,10.8466587506272
2022-09-24,39.110901129634115
2022-09-25,21.01547075673359
2022-09-26,20.409460765348207
2022-09-27,11.277044696967128
2022-09-28,43.13344662335984
2022-09-29,33.15358042470092
2022-09-30,29.393708678023597
2022-10-01,37.032512298570026
2022-10-02,23.814803463943612
2022-10-03,32.77897915948756
2022-10-04,19.97093632241025
2022-10-05,12.51820575443977
2022-10-06,32.45373407975529
2022-10-07,18.847668790869534
2022-10-08,40.00168723901525
2022-10-09,28.073726370286657
2022-10-10,20.015939181889124
2022-10-11,34.33383471766182
2022-10-12,14.66483152948802
2022-10-13,40.45695522493901
2022-10-14,28.087118251728313
2022-10-15,42.50582513202707
2022-10-16,15.523854801659791
2022-10-17,25.301691066676998
2022-10-18,17.201187444406138
2022-10-19,12.447822772795508
2022-10-20,48.21390551186868
2022-10-21,39.06594211775598
2022-10-22,23.024211099529637
2022-10-23,19.846014803439544
2022-10-24,18.17287668163866
2022-10-25,11.720418117854813
2022-10-26,14.106774392725931
2022-10-27,14.116286698694687
2022-10-28,36.650599181238434
2022-10-29,33.78830498261726
2022-10-30,32.72773561214425
2022-10-31,39.37852038423802
2022-11-01,20.046890238961453
2022-11-02,23.699000361852246
2022-11-03,15.068067105485934
2022-11-04,33.50843456255247
2022-11-05,47.316222372150946
2022-11-06,44.52551332101298
2022-11-07,32.19995245561027
2022-11-08,35.784309220006136
2022-11-09,49.6923589799248
2022-11-10,30.694188865331324
2022-11-11,44.82352848271325
2022-11-12,30.026290496124552
2022-11-13,11.914735580812991
2022-11-14,47.386457682115186
2022-11-15,14.475211128608848
2022-11-16,38.167520365044325
2022-11-17,19.518358082324184
2022-11-18,46.041467891654115
2022-11-19,18.019553418425108
2022-11-20,15.602975451251272
2022-11-21,27.548518314493258
2022-11-22,29.86723061212155
2022-11-23,42.75709939742807
2022-11-24,40.49611025676461
2022-11-25,23.13075255157678
2022-11-26,25.39799250820796
2022-11-27,33.066814463619444
2022-11-28,32.063041020810715
2022-11-29,44.48186389399788
2022-11-30,28.89895170224623
2022-12-01,45.74036029593155
2022-12-02,18.202867038933903
2022-12-03,44.70503017456124
2022-12-04,22.17170422983974
2022-12-05,41.57030625318906
2022-12-06,32.615495552779464
2022-12-07,45.022474683071515
2022-12-08,19.25015061302245
2022-12-09,38.05995974389569
2022-12-10,43.958387824219656
2022-12-11,41.06761948231216
2022-12-12,32.639973505980535
2022-12-13,37.01596820267078
2022-12-14,17.860684042615844
2022-12-15,18.658546476778287
2022-12-16,20.69162098677115
2022-12-17,43.12054775578778
2022-12-18,16.697585833591774
2022-12-19,21.956904850301807
2022-12-20,46.81736927742349
2022-12-21,40.209415639932125
2022-12-22,39.32502770240973
2022-12-23,28.205657395287815
2022-12-24,38.094462305620205
2022-12-25,32.62911302560025
2022-12-26,12.858584749254325
2022-12-27,33.061045580134646
2022-12-28,28.08989119371066
2022-12-29,14.558510521360635
2022-12-30,23.77060060599371
2022-12-31,45.791895008535434
2023-01-01,42.14809925362799
2023-01-02,46.55613048032416
2023-01-03,38.68318996725143
2023-01-04,35.30214648390357
2023-01-05,15.569504991372444
2023-01-06,14.2883854415913
2023-01-07,19.870137834564726
2023-01-08,22.567887075058934
2023-01-09,34.28142032153977
2023-01-10,45.0923632260475
2023-01-11,45.62922401996136
2023-01-12,37.29426724270101
2023-01-13,32.95655872608482
2023-01-14,19.775544756429078
2023-01-15,47.51777999950282
2023-01-16,36.8445131410761
2023-01-17,31.33828775520135
2023-01-18,14.158255207529988
2023-01-19,43.03533239946153
2023-01-20,23.959696138625116
2023-01-21,46.023467699306536
2023-01-22,16.7365945008385
2023-01-23,11.943801431358366
2023-01-24,27.38912358908671
2023-01-25,13.132128344914413
2023-01-26,12.472118599556588
2023-01-27,38.5492902380353
2023-01-28,20.295026199418405
2023-01-29,35.55402842734708
2023-01-30,32.833305796614795
2023-01-31,15.630109413391144
2023-02-01,25.431161552902807
2023-02-02,12.642555446718177
2023-02-03,26.866931910077604
2023-02-04,17.294483628159114
2023-02-05,13.852371911736036
2023-02-06,22.67940918217
2023-02-07,10.136770132274497
2023-02-08,40.310760777413414
2023-02-09,16.327348450450184
2023-02-10,35.03346914017814
2023-02-11,43.30328891191122
2023-02-12,46.6895312066806
2023-02-13,32.30299064245192
2023-02-14,41.531353026385545
2023-02-15,28.190869327846812
2023-02-16,29.60723105700129
2023-02-17,31.870887591722592
2023-02-18,36.80548143270222
2023-02-19,36.79669556070418
2023-02-20,41.41511695696953
2023-02-21,34.677759384450304
2023-02-22,45.30536677641599
2023-02-23,38.36944284318575
2023-02-24,47.15810688011064
2023-02-25,40.01747110420953
2023-02-26,39.54817380998097
2023-02-27,44.41588804274424
2023-02-28,36.23240678248599
2023-03-01,17.183012753305018
2023-03-02,13.318733407964443
2023-03-03,22.633045025441426
2023-03-04,42.575754783658596
2023-03-05,10.868314254274347
2023-03-06,16.001584525859485
2023-03-07,14.24463221564487
2023-03-08,11.486998780148197
2023-03-09,42.41135348985115
2023-03-10,21.18343370404986
2023-03-11,39.15704194314429
2023-03-12,15.676484437028808
2023-03-13,26.357349236575104
2023-03-14,14.658624040340138
2023-03-15,10.099216287421463
2023-03-16,34.5264894270396
2023-03-17,29.23927715198477
2023-03-18,26.665450053242353
2023-03-19,13.14638253006851
2023-03-20,33.5281929007445
2023-03-21,41.20004144196235
2023-03-22,12.689778931316127
2023-03-23,26.538333633607245
2023-03-24,22.462259086850104
2023-03-25,45.67506574345194
2023-03-26,20.50623156696503
2023-03-27,47.77122666448952
2023-03-28,43.13609719836136
2023-03-29,14.006355349023188
2023-03-30,29.22550952961341
2023-03-31,35.960059139845555
2023-04-01,33.72287051154494
2023-04-02,37.169212810833
2023-04-03,27.052258770842563
2023-04-04,46.18970939905471
2023-04-05,20.814433906998374
2023-04-06,13.764033112691045
2023-04-07,49.11895568588201
2023-04-08,36.07835322055306
2023-04-09,36.36790175967979
2023-04-10,42.701065402639806
2023-04-11,26.857657867638306
2023-04-12,25.44942257678166
2023-04-13,47.965800296589
2023-04-14,25.47125423255342
2023-04-15,13.139113486966467
2023-04-16,22.313179639707414
2023-04-17,44.94165312848819
2023-04-18,13.798402034790902
2023-04-19,38.66821144547382
2023-04-20,20.65604510054454
2023-04-21,39.83081486291198
2023-04-22,30.58217833390814
2023-04-23,35.46302883996281
2023-04-24,19.727849489731135
2023-04-25,16.724744423554412
2023-04-26,12.53233988830389
2023-04-27,43.023071632987865
2023-04-28,38.41938415347865
2023-04-29,21.73408566145994
2023-04-30,43.47653461370993
2023-05-01,43.34786655191466
2023-05-02,15.510365766373688
2023-05-03,38.54749735481823
2023-05-04,21.691275834310066
2023-05-05,28.687574872269753
2023-05-06,27.20579250783739
2023-05-07,34.00734998165772
2023-05-08,23.885280782453215
2023-05-09,12.930158491135494
2023-05-10,36.906006316432084
2023-05-11,48.422838333433425
2023-05-12,36.71470966691554
2023-05-13,31.584212168788227
2023-05-14,16.54486182477256
2023-05-15,35.007112384360255
2023-05-16,34.44347449104436
2023-05-17,34.75012497162197
2023-05-18,45.69252289569423
2023-05-19,38.65280268602787
2023-05-20,41.33599465513046
2023-05-21,22.533555975860196
2023-05-22,20.815000579246473
2023-05-23,18.271236549613246
2023-05-24,41.13483609116959
2023-05-25,37.943539524098924
2023-05-26,23.68375875016959
2023-05-27,15.64424274369237
2023-05-28,43.86669223897393
2023-05-29,25.37111940349703
2023-05-30,17.589968562854775
2023-05-31,15.776424481052835
2023-06-01,46.787194570628834
2023-06-02,15.206530249224834
2023-06-03,24.386938058352502
2023-06-04,35.28765999622738
2023-06-05,26.32305254120789
2023-06-06,29.098418655878987
2023-06-07,42.10487147732021
2023-06-08,49.96937922012728
2023-06-09,28.6887112779473
2023-06-10,25.153079244310167
2023-06-11,26.270516214922456
2023-06-12,24.76434269370302
2023-06-13,28.950854849389795
2023-06-14,23.32432623220036
2023-06-15,28.504661382709983
2023-06-16,47.818287246946106
2023-06-17,21.44852888794548
2023-06-18,36.07498881335164
2023-06-19,29.477342945926637
2023-06-20,39.295854090473
2023-06-21,28.891682321094287
2023-06-22,16.42169297569202
2023-06-23,44.89674942762
2023-06-24,37.03068278395478
2023-06-25,31.034833320311684
2023-06-26,43.24334879479665
2023-06-27,49.04742369276469
2023-06-28,26.375974737826105
2023-06-29,24.12244791832864
2023-06-30,40.143689601528905
2023-07-01,28.184221147193647
2023-07-02,13.430754899942476
2023-07-03,24.176596946287276
2023-07-04,42.34528424314767
2023-07-05,38.26776727971283
2023-07-06,44.51374864408448
2023-07-07,15.865061179331121
2023-07-08,19.75686454743347
2023-07-09,18.589410651221982
2023-07-10,48.853312914036
2023-07-11,16.75697643263974
2023-07-12,33.91720222622328
2023-07-13,35.31654394241365
2023-07-14,34.75573678419299
2023-07-15,37.666521601148425
2023-07-16,29.356865830457714
2023-07-17,13.347531282714918
2023-07-18,38.04944437673906
2023-07-19,21.244194617633696
2023-07-20,13.034877456265988
2023-07-21,16.791439252930978
2023-07-22,21.488784096472585
2023-07-23,27.297582912342456
2023-07-24,44.45294116759351
2023-07-25,31.460102308257607
2023-07-26,28.878690191823154
2023-07-27,17.65031203928862
2023-07-28,48.37050872760542
2023-07-29,46.34063713600101
2023-07-30,42.6430892038612
2023-07-31,22.926049130296697
2023-08-01,32.46510497192518
2023-08-02,25.553879970768726
2023-08-03,26.116565826682375
2023-08-04,12.885254230553134
2023-08-05,15.601783294821567
2023-08-06,48.446751447025434
2023-08-07,34.40335281027331
2023-08-08,10.252384329212138
2023-08-09,42.36743830767678
2023-08-10,13.481664770244976
2023-08-11,38.32623032421554
2023-08-12,34.833960865053015
2023-08-13,12.5180504240035
2023-08-14,31.237566824361437
2023-08-15,11.897412325582799
2023-08-16,12.57558998484416
2023-08-17,12.047153525533894
2023-08-18,20.217649478143844
2023-08-19,42.07077128374149
2023-08-20,24.498189332146843
2023-08-21,35.581529848666946
2023-08-22,14.993960509448655
2023-08-23,47.31458976326906
2023-08-24,30.169631017242352
2023-08-25,10.983795950053828
2023-08-26,31.496266542876388
2023-08-27,17.381205034738862
2023-08-28,17.83265683723063
2023-08-29,34.0149801496637
2023-08-30,19.055339847682575
2023-08-31,18.559242857338557
2023-09-01,31.638393529097062
2023-09-02,19.418378056843146
2023-09-03,14.420504188459642
2023-09-04,26.33027661446463
2023-09-05,12.07993752776876
2023-09-06,46.21292355966554
2023-09-07,28.061496637391645
2023-09-08,10.523787471062791
2023-09-09,18.98608337216438
2023-09-10,48.31271390764718
2023-09-11,29.855636053742312
2023-09-12,24.35558677393373
2023-09-13,22.604460308634838
2023-09-14,26.678826067199193
2023-09-15,18.470576150917783
2023-09-16,39.96508209368187
2023-09-17,30.332207921450873
2023-09-18,40.05734688665081
2023-09-19,20.175268737061046
2023-09-20,10.05809700490914
2023-09-21,48.64916005981965
2023-09-22,30.4826439106235
2023-09-23,13.189569788527455
2023-09-24,14.150048946319185
2023-09-25,27.38712559268832
2023-09-26,37.810568955492364
2023-09-27,25.865673729976834
2023-09-28,42.80609987422436
2023-09-29,23.16237924345696
2023-09-30,11.824215947523783
2023-10-01,10.331646561798888
2023-10-02,44.37777173042981
2023-10-03,49.378491036195165
2023-10-04,15.311954084671768
2023-10-05,12.481630605298522
2023-10-06,46.57630556800374
2023-10-07,14.030255981831278
2023-10-08,19.136167497959224
2023-10-09,42.06588363544934
2023-10-10,49.9193729327795
2023-10-11,29.44055557704251
2023-10-12,18.430831560870065
2023-10-13,43.90872066066093
2023-10-14,25.77246035627677
2023-10-15,20.905690934163147
2023-10-16,29.61666228509227
2023-10-17,44.23193081105864
2023-10-18,19.320032739713042
2023-10-19,26.95338198533449
2023-10-20,27.769747486044952
2023-10-21,43.31056951599426
2023-10-22,37.04020745969136
2023-10-23,41.21946474212002
2023-10-24,37.73543139131419
2023-10-25,33.707036203842605
2023-10-26,15.29636887673885
2023-10-27,43.31796758459349
2023-10-28,34.29114849002639
2023-10-29,38.04686471391307
2023-10-30,41.14991936504511
2023-10-31,22.467994179395866
2023-11-01,27.492576610656393
2023-11-02,31.651626752480425
2023-11-03,23.712898865081367
2023-11-04,20.341472921617388
2023-11-05,41.07330951938159
2023-11-06,40.149282935750946
2023-11-07,43.271971490797554
2023-11-08,37.867799828290785
2023-11-09,22.469092039265426
2023-11-10,23.080090649650394
2023-11-11,31.111767149199135
2023-11-12,43.423818290180265
2023-11-13,23.85172655832744
2023-11-14,40.63756005301563
2023-11-15,22.2277036242445
2023-11-16,23.541015315345078
2023-11-17,40.09463544682737
2023-11-18,37.14301377913844
2023-11-19,18.32913524394483
2023-11-20,43.08084926600594
2023-11-21,41.38441630551256
2023-11-22,41.8967236143275
2023-11-23,28.814047155003678
2023-11-24,23.14558492382227
2023-11-25,43.991272217261816
2023-11-26,33.528518640603615
2023-11-27,47.23917592399698
2023-11-28,20.153081323319913
2023-11-29,49.025064655698976
2023-11-30,25.16872170640331
2023-12-01,25.378872297417075
2023-12-02,19.55266597459076
2023-12-03,48.60101433794536
2023-12-04,11.588569498428548
2023-12-05,28.93430524758012
2023-12-06,24.61926372422333
2023-12-07,16.370532167693202
2023-12-08,38.52973767557701
2023-12-09,45.93284388033064
2023-12-10,19.74277010132844
2023-12-11,29.906206338529003
2023-12-12,33.128558570002426
2023-12-13,25.61955753363359
2023-12-14,46.86152521124483
2023-12-15,28.46064780382973
2023-12-16,49.311209595477216
2023-12-17,21.80820590568509
2023-12-18,12.929891989545741
2023-12-19,32.99869060172545
2023-12-20,42.93360233437389
2023-12-21,25.535657339298904
2023-12-22,17.40395451938734
2023-12-23,39.529600042740384
2023-12-24,20.83540409054171
2023-12-25,40.789507726847965
2023-12-26,20.49286010502685
2023-12-27,32.29152954837409
2023-12-28,45.50708565091328
2023-12-29,18.184682872007727
2023-12-30,42.827778746137575
2023-12-31,20.617186879387774
2024-01-01,36.426595248391436
2024-01-02,19.74851188251462
2024-01-03,14.582772437745373
2024-01-04,36.560931184887465
2024-01-05,33.79552780543995
2024-01-06,26.059342007830825
2024-01-07,11.46729579335112
2024-01-08,29.01117071563924
2024-01-09,15.948260214975427
2024-01-10,24.378865641754825
2024-01-11,33.447919054328764
2024-01-12,47.57409483056702
2024-01-13,30.452478503671884
2024-01-14,17.791321092464457
2024-01-15,47.84905221324868
2024-01-16,11.036398272140966
2024-01-17,35.71280531365297
2024-01-18,20.495684588235044
2024-01-19,40.30040591638991
2024-01-20,23.248927116059093
2024-01-21,27.149857609210677
2024-01-22,40.81666852779019
2024-01-23,45.912743138115786
2024-01-24,17.302137650901845
2024-01-25,21.851696522478612
2024-01-26,10.172991060802762
2024-01-27,44.262864115777624
2024-01-28,47.88513002058424
2024-01-29,21.17782710288718
2024-01-30,25.382202824500002
2024-01-31,27.158260205626053
2024-02-01,26.390074626672323
2024-02-02,25.715013916799997
2024-02-03,29.034984861926752
2024-02-04,16.151343613480723
2024-02-05,12.307200070638702
2024-02-06,38.94106028707538
2024-02-07,43.86264040787175
2024-02-08,42.40771116660585
2024-02-09,35.06505946005456
2024-02-10,48.75244948941302
2024-02-11,10.061724478127921
2024-02-12,22.78169248608155
2024-02-13,22.400644445597347
2024-02-14,23.986917889694052
2024-02-15,41.99958415776989
2024-02-16,24.059862981451094
2024-02-17,31.083343288020586
2024-02-18,34.557594135521505
2024-02-19,43.815329649196855
2024-02-20,34.63446308555966
2024-02-21,25.252259720120772
2024-02-22,37.78968621624308
2024-02-23,30.62142314695453
2024-02-24,31.13608936951524
2024-02-25,23.40610146998557
2024-02-26,10.06430072831205
2024-02-27,24.233877906803368
2024-02-28,22.108717172538835
2024-02-29,14.013561367626153
2024-03-01,17.945447916592435
2024-03-02,49.23560312515263
2024-03-03,21.192678113644266
2024-03-04,30.726321381996343
2024-03-05,31.973304650810288
2024-03-06,32.40120225571049
2024-03-07,11.893125404807098
2024-03-08,40.85848730969408
2024-03-09,39.21380097095469
2024-03-10,49.08768546277652
2024-03-11,17.387650503430603
2024-03-12,32.15165220508426
2024-03-13,42.15320907696412
2024-03-14,14.973840816904392
2024-03-15,41.58283071840225
2024-03-16,20.798531357628764
2024-03-17,21.233843038930967
2024-03-18,47.82382220274129
2024-03-19,22.554923623586987
2024-03-20,33.36949647503582
2024-03-21,27.60371813137755
2024-03-22,13.126373090131512
2024-03-23,48.01930244743565
2024-03-24,18.54900959877056
2024-03-25,20.707781071988048
2024-03-26,25.089862233408354
2024-03-27,29.941439768419045
2024-03-28,15.771428642648004
2024-03-29,35.19746356068893
2024-03-30,30.588099739056855
2024-03-31,22.120413101177473
2024-04-01,37.70607210050172
2024-04-02,30.56320568370286
2024-04-03,43.62742544309003
2024-04-04,44.216191828130846
2024-04-05,49.204267890045394
2024-04-06,12.693430313154273
2024-04-07,26.207145617421478
2024-04-08,30.06075896603775
2024-04-09,19.35239463404087
2024-04-10,46.881407621676345
2024-04-11,13.525135386518151
2024-04-12,27.1402437876242
2024-04-13,17.40762885307442
2024-04-14,37.28555243334601
2024-04-15,38.1996932456167
2024-04-16,44.900560618926704
2024-04-17,26.358822606698993
2024-04-18,41.00441511967368
2024-04-19,31.983222717515517
2024-04-20,42.490836399659486
2024-04-21,13.415159649148771
2024-04-22,28.537906135679037
2024-04-23,16.022423691212893
2024-04-24,41.6142193816584
2024-04-25,16.106855414758083
2024-04-26,10.32241482037135
2024-04-27,47.18094959806922
2024-04-28,29.383932647586256
2024-04-29,49.40763551703897
2024-04-30,28.119889374438802
2024-05-01,33.63170546722597
2024-05-02,39.767011835095325
2024-05-03,21.23193353101464
2024-05-04,15.31425595447146
2024-05-05,36.44518052204098
2024-05-06,30.427472395610117
2024-05-07,43.07204660904786
2024-05-08,11.802751701453253
2024-05-09,31.790804284096904
2024-05-10,17.43023578572981
2024-05-11,34.69269778794889
2024-05-12,40.4175908184901
2024-05-13,20.520407677024323
2024-05-14,29.27154719966395
2024-05-15,26.808166650372137
2024-05-16,40.19483234444341
2024-05-17,33.99471144813137
2024-05-18,14.828295970236915
2024-05-19,49.06992445794478
2024-05-20,46.49350036924105
2024-05-21,33.14880052019147
2024-05-22,41.09907642446025
2024-05-23,10.798819609973398
2024-05-24,18.059672966124563
2024-05-25,40.714521132864775
2024-05-26,14.247520544915764
2024-05-27,11.709067082948593
2024-05-28,34.6286366043119
2024-05-29,11.369671771324343
2024-05-30,17.324553619391033
2024-05-31,13.199276777506341
2024-06-01,31.370863262326477
2024-06-02,37.0773697506943
2024-06-03,17.332367772210027
2024-06-04,28.75030486637643
2024-06-05,10.806842934218853
2024-06-06,20.586414515616486
2024-06-07,17.18417406960018
2024-06-08,16.638574356630286
2024-06-09,19.00079924230113
2024-06-10,42.21376261194465
2024-06-11,47.99002376193636
2024-06-12,38.242091796200015
2024-06-13,12.890220093682645
2024-06-14,35.12655248935964
2024-06-15,39.36461343285971
2024-06-16,14.445012950013894
2024-06-17,21.772910936280002
2024-06-18,27.1352528729403
2024-06-19,22.42895959858639
2024-06-20,30.732735626362366
2024-06-21,15.236807979830932
2024-06-22,27.789976128215763
2024-06-23,39.33120969130783
2024-06-24,28.43732971857856
2024-06-25,18.417396386966477
2024-06-26,42.08450156169023
2024-06-27,25.775823379262775
2024-06-28,27.003696023229985
2024-06-29,24.30494077954975
2024-06-30,21.589265363682838
2024-07-01,34.07791732340551
2024-07-02,17.51229196546301
2024-07-03,40.76918775101147
2024-07-04,29.267979847657408
2024-07-05,45.343499864289456
2024-07-06,47.55563378439692
2024-07-07,25.318919180052436
2024-07-08,16.352928469911827
2024-07-09,30.210402577912262
2024-07-10,20.818071041978563
2024-07-11,27.060918161467097
2024-07-12,25.097714889752254
2024-07-13,28.018885941562417
2024-07-14,29.942623701018427
2024-07-15,35.09715572750537
2024-07-16,10.152558784265446
2024-07-17,20.256814994862676
2024-07-18,16.810168462481236
2024-07-19,38.41786638664578
2024-07-20,43.293087117152396
2024-07-21,39.03025830034058
2024-07-22,48.986552497303194
2024-07-23,13.089901185255028
2024-07-24,28.590169486004765
2024-07-25,45.97481084838115
2024-07-26,22.763534590676635
2024-07-27,42.092684304082965
2024-07-28,32.469626803313155
2024-07-29,49.14226690837894
2024-07-30,24.840878089912994
2024-07-31,26.68669032372959
2024-08-01,16.552259971504846
2024-08-02,16.385605275003282
2024-08-03,44.440091881936226
2024-08-04,26.291805030210046
2024-08-05,34.8186213270486
2024-08-06,40.090089828946745
2024-08-07,27.529729443277976
2024-08-08,48.15135978125121
2024-08-09,47.52694714876621
2024-08-10,37.2047321083323
2024-08-11,49.80831253258743
2024-08-12,10.105939893818622
2024-08-13,10.370108139061255
2024-08-14,12.701392615788173
2024-08-15,47.740793143736795
2024-08-16,34.193381760106455
2024-08-17,47.108895682496254
2024-08-18,15.083926894298365
2024-08-19,11.279146703411804
2024-08-20,31.731290099203843
2024-08-21,17.008775323906654
2024-08-22,44.393355113559835
2024-08-23,26.816375611603725
2024-08-24,40.81827045294633
2024-08-25,30.657553396007557
2024-08-26,31.146818186099054
2024-08-27,37.27380032968333
2024-08-28,23.418073000568317
2024-08-29,47.953892050808605
2024-08-30,26.01640425340333
2024-08-31,25.92169533706368
2024-09-01,38.296889638380605
2024-09-02,35.4500743122903
2024-09-03,49.83126452533802
2024-09-04,44.00923238281933
2024-09-05,21.38363144309276
2024-09-06,14.06210451089458
2024-09-07,14.265087205850993
2024-09-08,24.46435099675146
2024-09-09,29.087439804561694
2024-09-10,35.48496366041194
2024-09-11,44.309041414504684
2024-09-12,49.5816192862126
2024-09-13,26.348639940684677
2024-09-14,31.823214943454275
2024-09-15,34.02989281318525
2024-09-16,32.34246969628401
2024-09-17,13.612523409320975
2024-09-18,14.601626718470829
2024-09-19,45.550219354209354
2024-09-20,37.0233601046796
2024-09-21,37.15044444040326
2024-09-22,42.59127006665048
2024-09-23,13.36566452688162
2024-09-24,26.619197958485064
2024-09-25,19.866976982581154
2024-09-26,36.43226527725565
2024-09-27,18.597395793049717
2024-09-28,37.6849950365943
2024-09-29,25.51601863162732
2024-09-30,27.576221526656063
2024-10-01,42.720511872950496
2024-10-02,23.92668097803581
2024-10-03,20.26396808422287
2024-10-04,44.010590934589615
2024-10-05,37.41596354880117
2024-10-06,26.155823163560427
2024-10-07,29.942436830543613
2024-10-08,23.914322754369422
2024-10-09,32.04835954501975
2024-10-10,15.547832652318082
2024-10-11,45.53768397780538
2024-10-12,32.16192114305082
2024-10-13,25.410757572193134
2024-10-14,32.863747489882826
2024-10-15,16.4477060747574
2024-10-16,13.138912707275313
2024-10-17,31.925045463215728
2024-10-18,12.819868478257476
2024-10-19,36.43477291369425
2024-10-20,42.00966127678396
2024-10-21,49.53469559176722
2024-10-22,40.769754676917856
2024-10-23,48.96500822472603
2024-10-24,10.887315838505831
2024-10-25,32.35390487688754
2024-10-26,16.58946898081973
2024-10-27,19.80541246310995
2024-10-28,39.38141699601201
2024-10-29,20.11304128997842
2024-10-30,17.192462955986002
2024-10-31,24.873808163354486
2024-11-01,13.330191075258817
2024-11-02,15.859758513429064
2024-11-03,15.858020075962482
2024-11-04,19.042261359693864
2024-11-05,44.82806164495541
2024-11-06,21.809467294503566
2024-11-07,20.95472226818805
2024-11-08,15.039535922093684
2024-11-09,10.644207266033572
2024-11-10,16.41515372763336
2024-11-11,38.91885030810535
2024-11-12,48.79385207593826
2024-11-13,39.752558698439216
2024-11-14,44.129107072249624
2024-11-15,41.469826419638956
2024-11-16,21.842090300010657
2024-11-17,39.24920715951742
2024-11-18,40.02348199927303
2024-11-19,20.342552066546563
2024-11-20,46.826144957440306
2024-11-21,49.91788698484906
2024-11-22,32.45189018829634
2024-11-23,22.663805863619643
2024-11-24,24.304425132962997
2024-11-25,33.29774565178539
2024-11-26,10.311187839070652
2024-11-27,22.33346058026892
2024-11-28,11.96016445584657
2024-11-29,34.96719265684639
2024-11-30,34.162145425597046
2024-12-01,33.6419220528992
2024-12-02,16.039626925371557
2024-12-03,47.782366976327594
2024-12-04,31.369152008448324
2024-12-05,32.234479959085924
2024-12-06,31.77036982039196
2024-12-07,30.97652358741613
2024-12-08,47.537117336956456
2024-12-09,34.0809682089799
2024-12-10,29.405008597442063
2024-12-11,40.65780708095683
2024-12-12,20.058499957075778
2024-12-13,17.68040111754719
2024-12-14,27.568505752221707
2024-12-15,10.627425837270362
2024-12-16,21.74068025025168
2024-12-17,26.802976474592924
2024-12-18,33.147949177225115
2024-12-19,31.728137531246002
2024-12-20,24.696075053908004
2024-12-21,23.730523175879036
2024-12-22,10.052751241039495
2024-12-23,45.24450986458347
2024-12-24,19.250947997028767
2024-12-25,24.320126344695492
2024-12-26,10.810199219944048
2024-12-27,48.27372589963459
2024-12-28,29.782901746958977
2024-12-29,10.930899173077409
2024-12-30,20.047761301384508
2024-12-31,45.17050258405979
